{"stats":{"minecraft:used":{"minecraft:stone_brick_stairs":13,"minecraft:polished_tuff":3,"minecraft:dark_oak_stairs":110,"minecraft:chiseled_tuff_bricks":17,"minecraft:tuff_bricks":36,"minecraft:polished_tuff_slab":28,"minecraft:redstone_lamp":15,"minecraft:dirt":1,"minecraft:daylight_detector":1,"minecraft:grass_block":2,"minecraft:mycelium":1,"minecraft:waxed_oxidized_copper_bulb":3,"minecraft:polished_tuff_wall":59,"minecraft:spruce_trapdoor":10,"minecraft:redstone_block":7,"minecraft:waxed_oxidized_copper_trapdoor":7,"minecraft:obsidian":16},"minecraft:mined":{"minecraft:grass_block":1,"minecraft:dark_oak_stairs":1},"minecraft:picked_up":{"minecraft:wheat_seeds":1,"minecraft:birch_sapling":3,"minecraft:dark_oak_stairs":1,"minecraft:dirt":1},"minecraft:custom":{"minecraft:time_since_rest":58048,"minecraft:crouch_one_cm":2120,"minecraft:sprint_one_cm":5339,"minecraft:play_time":58048,"minecraft:walk_one_cm":65490,"minecraft:sneak_time":1291,"minecraft:jump":69,"minecraft:leave_game":2,"minecraft:time_since_death":58048,"minecraft:total_world_time":58048,"minecraft:fly_one_cm":46821}},"DataVersion":3953}