{"stats":{"minecraft:custom":{"minecraft:jump":32,"minecraft:time_since_rest":63098,"minecraft:damage_dealt":40,"minecraft:play_time":63098,"minecraft:leave_game":4,"minecraft:sprint_one_cm":2052,"minecraft:time_since_death":63098,"minecraft:walk_one_cm":2908,"minecraft:sneak_time":141,"minecraft:total_world_time":63098,"minecraft:fall_one_cm":1045,"minecraft:fly_one_cm":38099},"minecraft:picked_up":{"minecraft:dirt":3},"minecraft:mined":{"minecraft:grass_block":2,"minecraft:dirt":1}},"DataVersion":3953}