{"stats":{"minecraft:used":{"minecraft:stone_brick_stairs":13,"minecraft:polished_tuff":3,"minecraft:chiseled_tuff_bricks":17,"minecraft:dark_oak_stairs":113,"minecraft:tuff_bricks":36,"minecraft:polished_tuff_slab":28,"minecraft:redstone_lamp":15,"minecraft:dirt":1,"minecraft:daylight_detector":1,"minecraft:grass_block":2,"minecraft:mycelium":1,"minecraft:waxed_oxidized_copper_bulb":3,"minecraft:polished_tuff_wall":59,"minecraft:spruce_trapdoor":10,"minecraft:redstone_block":7,"minecraft:waxed_oxidized_copper_trapdoor":7,"minecraft:obsidian":16},"minecraft:mined":{"minecraft:grass_block":1,"minecraft:dark_oak_stairs":4},"minecraft:picked_up":{"minecraft:wheat_seeds":1,"minecraft:birch_sapling":3,"minecraft:dirt":1,"minecraft:dark_oak_stairs":4},"minecraft:custom":{"minecraft:time_since_rest":64487,"minecraft:crouch_one_cm":2120,"minecraft:sprint_one_cm":5593,"minecraft:play_time":64487,"minecraft:walk_one_cm":66794,"minecraft:sneak_time":1295,"minecraft:jump":71,"minecraft:leave_game":3,"minecraft:time_since_death":64487,"minecraft:total_world_time":64487,"minecraft:fly_one_cm":49699}},"DataVersion":3953}