{"stats":{"minecraft:custom":{"minecraft:jump":35,"minecraft:time_since_rest":72436,"minecraft:crouch_one_cm":24,"minecraft:damage_dealt":220,"minecraft:play_time":72436,"minecraft:leave_game":5,"minecraft:sprint_one_cm":2052,"minecraft:time_since_death":72436,"minecraft:walk_one_cm":4217,"minecraft:sneak_time":148,"minecraft:total_world_time":72436,"minecraft:mob_kills":1,"minecraft:fall_one_cm":1045,"minecraft:fly_one_cm":60014},"minecraft:picked_up":{"minecraft:dirt":3},"minecraft:killed":{"minecraft:creeper":1},"minecraft:mined":{"minecraft:grass_block":2,"minecraft:dirt":1}},"DataVersion":3953}