{"stats":{"minecraft:picked_up":{"minecraft:birch_log":2,"minecraft:stick":2,"minecraft:feather":3,"minecraft:chicken":1,"minecraft:lead":1,"minecraft:porkchop":1,"minecraft:dirt":3,"minecraft:wheat_seeds":1,"minecraft:birch_sapling":10,"minecraft:dark_oak_stairs":4},"minecraft:mined":{"minecraft:birch_log":2,"minecraft:birch_leaves":3,"minecraft:dark_oak_stairs":4,"minecraft:short_grass":5,"minecraft:grass_block":3},"minecraft:custom":{"minecraft:time_since_rest":169081,"minecraft:sprint_one_cm":19282,"minecraft:walk_one_cm":176679,"minecraft:mob_kills":4,"minecraft:drop":3,"minecraft:damage_dealt":522,"minecraft:fly_one_cm":198309,"minecraft:crouch_one_cm":7488,"minecraft:play_time":169081,"minecraft:sneak_time":2841,"minecraft:walk_under_water_one_cm":573,"minecraft:jump":245,"minecraft:leave_game":9,"minecraft:time_since_death":169081,"minecraft:walk_on_water_one_cm":3,"minecraft:total_world_time":169081,"minecraft:fall_one_cm":418},"minecraft:used":{"minecraft:deepslate_tiles":174,"minecraft:polished_tuff_slab":28,"minecraft:glass":33,"minecraft:tuff_bricks":36,"minecraft:dark_oak_stairs":113,"minecraft:water_bucket":1,"minecraft:light":72,"minecraft:light_gray_stained_glass":11,"minecraft:daylight_detector":1,"minecraft:mace":4,"minecraft:dark_oak_log":9,"minecraft:red_concrete":30,"minecraft:red_wool":7,"minecraft:spruce_wood":6,"minecraft:red_stained_glass":46,"minecraft:grass_block":38,"minecraft:brown_stained_glass":9,"minecraft:lime_wool":12,"minecraft:mycelium":1,"minecraft:chicken_spawn_egg":1,"minecraft:ender_pearl":2,"minecraft:spruce_planks":125,"minecraft:polished_tuff_wall":59,"minecraft:cherry_planks":3,"minecraft:spruce_trapdoor":17,"minecraft:redstone_block":7,"minecraft:waxed_oxidized_copper_trapdoor":7,"minecraft:horse_spawn_egg":1,"minecraft:stone_brick_stairs":13,"minecraft:yellow_wool":6,"minecraft:polished_blackstone_bricks":45,"minecraft:chiseled_tuff_bricks":17,"minecraft:diamond_sword":1,"minecraft:dirt":6,"minecraft:redstone_lamp":16,"minecraft:black_stained_glass":71,"minecraft:birch_log":2,"minecraft:waxed_oxidized_copper_bulb":3,"minecraft:brush":4,"minecraft:spruce_log":95,"minecraft:obsidian":16,"minecraft:polished_tuff":3},"minecraft:dropped":{"minecraft:porkchop":1,"minecraft:feather":2},"minecraft:killed":{"minecraft:horse":1,"minecraft:pig":1,"minecraft:chicken":2}},"DataVersion":3953}