{"stats":{"minecraft:used":{"minecraft:egg":2},"minecraft:mined":{"minecraft:grass_block":2,"minecraft:dirt":1},"minecraft:killed":{"minecraft:creeper":1},"minecraft:picked_up":{"minecraft:dirt":3,"minecraft:egg":1},"minecraft:custom":{"minecraft:jump":41,"minecraft:time_since_rest":73104,"minecraft:leave_game":6,"minecraft:damage_dealt":265,"minecraft:crouch_one_cm":24,"minecraft:sprint_one_cm":2250,"minecraft:play_time":73104,"minecraft:time_since_death":73104,"minecraft:walk_one_cm":8279,"minecraft:sneak_time":148,"minecraft:total_world_time":73104,"minecraft:mob_kills":1,"minecraft:fall_one_cm":1045,"minecraft:fly_one_cm":60349}},"DataVersion":3953}